{
  "version": "5",
  "dialect": "pg",
  "entries": [
    {
      "idx": 0,
      "version": "5",
      "when": 1707689289840,
      "tag": "0000_fresh_boomerang",
      "breakpoints": true
    },
    {
      "idx": 1,
      "version": "5",
      "when": 1707861274875,
      "tag": "0001_complete_carmella_unuscione",
      "breakpoints": true
    },
    {
      "idx": 2,
      "version": "5",
      "when": 1707866054515,
      "tag": "0002_plain_ultimatum",
      "breakpoints": true
    },
    {
      "idx": 3,
      "version": "5",
      "when": 1708574515427,
      "tag": "0003_happy_thundra",
      "breakpoints": true
    }
  ]
}